{"area":50.26548245743669}{"areaes":12.566370614359172}